benchmark,cycle count df-io,cycle count df-ooo,cycle count graphiti,cycle count vericert,clock period df-io,clock period df-ooo,clock period graphiti,clock period vericert,execution time df-io,execution time df-ooo,execution time graphiti,execution time vericert,mult 1,mult 2,luts df-io,luts df-ooo,luts graphiti,ffs df-io,ffs df-ooo,ffs graphiti,ffs vericert,dsps df-io,dsps df-ooo,dsps graphiti,dsps vericert
bicg,7936.0,1000.0,7936.0,44557.0,6.43,11.27,6.43,4.807,51028.48,11270.0,51028.48,214185.499,,,2051.0,3229.0,2051.0,2182.0,2737.0,2182.0,1302.0,10.0,10.0,10.0,5.0
gemm,68825.0,8278.0,8338.0,252013.0,6.361,8.631,12.439,5.059,437795.825,71447.418,103716.382,1274933.767,,,3248.0,5564.0,6282.0,2709.0,3880.0,4908.0,1484.0,11.0,11.0,11.0,5.0
gsum-many,68523.0,36537.0,34363.0,118096.0,7.57,8.052,7.388,5.127,518719.11,294195.924,253873.844,605478.192,,,3028.0,3867.0,4438.0,3319.0,3855.0,4546.0,1381.0,22.0,22.0,22.0,5.0
gsum-single,6703.0,9234.0,9436.0,18798.0,6.026,8.937,8.421,5.127,40392.278,82524.258,79460.556,96377.346,,,2648.0,2541.0,3862.0,3110.0,3101.0,4283.0,1342.0,22.0,22.0,22.0,5.0
matvec,7936.0,919.0,993.0,25447.0,5.589,8.628,7.114,4.805,44354.304,7929.132,7064.202,122272.835,,,1400.0,6027.0,6107.0,1282.0,6839.0,6680.0,1137.0,5.0,5.0,5.0,5.0
mvt,7940.0,2044.0,2002.0,46538.0,6.101,8.31,7.45,4.805,48441.94,16985.64,14914.9,223615.09,,,2980.0,5084.0,5656.0,2721.0,4028.0,5179.0,1386.0,10.0,10.0,10.0,5.0
\\e{geomean},15842.094689793606,4168.445202432085,5910.977587521015,55593.199698071796,6.318288004466609,8.914533461981886,8.008039157483902,4.952700165214224,100094.91684414718,37159.74424151868,47335.33997987804,275336.44932942785,,,2462.2565724812544,4189.769421583351,4436.768274244415,2443.4755249571253,3896.00156691819,4395.684667228657,1334.2968551579877,11.772481280020624,11.772481280020624,11.772481280020624,4.999999999999999
