benchmark,cycle count df_io,cycle count df_ooo,cycle count graphiti,cycle count vericert,clock period df_io,clock period df_ooo,clock period graphiti,clock period vericert,execution time df_io,execution time df_ooo,execution time graphiti,execution time vericert,mult 1,mult 2,luts 1,luts 2,luts 3,ff df_io,ff df_ooo,ff graphiti,ff vericert,dsps
gsum-many,68523,36636,37430,118096,7.91,7.8,7.5,4.811,541.8,287.4,281.9,568.159856,,,2835,3454,3793,3256,3638,3781,1283,22
gsum-single,6703,9234,9334,18798,6.9,9,9.1,4.747,46.3,83,85.6,89.234106,,,2736,2286,3361,3142,2974,3512,1281,22
gemm,68825,8278,8698,252913,6.75,7.86,8.2,4.03,464.8,65.1,71.7,1019.23939,,,3214,5363,5661,2693,3840,5131,1505,11
matvec,7936,919,929,25445,6.4,8.02,6.3,4.89,50.9,7.37,5.8,124.42605,,,1272,5892,6365,1373,6764,6513,1124,5
mvt,7940,2044,2086,46536,6.3,8.43,7.27,5.412,49.8,17.2,15.1,251.852832,,,2886,4662,4828,2701,3730,3948,1369,10
bicg,7936,1000,7936,44555,6.43,11.27,6.43,5.051,51.1,11.3,51.1,225.047305,,,2051,3229,2051,2182,2737,2182,1293,10
geomean,11537.9811504276,3186.40728408463,4459.05523973562,38355.8246953774,6.70819735506011,8.42055142940788,7.40392520808808,4.81511309781564,77.4812700141364,26.8307769011439,32.9965151456115,184.687633868232,#NUM!,#NUM!,2219.81725982398,3479.49237274682,3710.03168391787,2252.57196978168,3206.20688656195,3452.97195633189,1123.02260141102,10.4169294345213
